"Status","Start Time","Stop Time","Duration in ms","Parent Suite","Suite","Sub Suite","Test Class","Test Method","Name","Description"
"passed","Wed Aug 16 14:03:32 GMT 2023","Wed Aug 16 14:03:32 GMT 2023","13","","","","","","Listar capítulos dos livros",""
"passed","Wed Aug 16 14:03:32 GMT 2023","Wed Aug 16 14:03:32 GMT 2023","14","","","","","","Listar capítulos",""
"passed","Wed Aug 16 14:03:32 GMT 2023","Wed Aug 16 14:03:32 GMT 2023","13","","","","","","Listar personagens",""
"passed","Wed Aug 16 14:03:32 GMT 2023","Wed Aug 16 14:03:32 GMT 2023","12","","","","","","Listar frases de um filme específico",""
"passed","Wed Aug 16 14:03:32 GMT 2023","Wed Aug 16 14:03:32 GMT 2023","12","","","","","","Listar livros",""
"passed","Wed Aug 16 14:03:32 GMT 2023","Wed Aug 16 14:03:32 GMT 2023","13","","","","","","Livro específico",""
"passed","Wed Aug 16 14:03:32 GMT 2023","Wed Aug 16 14:03:32 GMT 2023","14","","","","","","Personagem específico",""
"passed","Wed Aug 16 14:03:32 GMT 2023","Wed Aug 16 14:03:32 GMT 2023","14","","","","","","Filme específico",""
"passed","Wed Aug 16 14:03:32 GMT 2023","Wed Aug 16 14:03:32 GMT 2023","13","","","","","","Frase específica",""
"passed","Wed Aug 16 14:03:32 GMT 2023","Wed Aug 16 14:03:32 GMT 2023","14","","","","","","Listar filmes",""
"passed","Wed Aug 16 14:03:32 GMT 2023","Wed Aug 16 14:03:32 GMT 2023","13","","","","","","Listar frases",""
"passed","Wed Aug 16 14:03:32 GMT 2023","Wed Aug 16 14:03:32 GMT 2023","50","","","","","","Capítulo específico",""
